"0","# Load the necessary package"
"0","library(tidyverse)"
"0",""
"0","# Custom colors for the boxplot"
"0","custom_colors <- c(""lightblue"", ""lightgreen"")"
"0",""
"0","# Create the customized boxplot"
"0","ggplot(ToothGrowth, aes(x = factor(dose), y = len, fill = supp)) +"
"0","  "
"0","  # Boxplot with custom fill colors and adjusted dodge width"
"0","  geom_boxplot(position = position_dodge(0.8), width = 0.5) +"
"0","  "
"0","  # Add jittered points with custom shape"
"0","  geom_jitter(position = position_dodge(0.8), shape = 17, size = 2, color = ""black"") +"
"0","  "
"0","  # Set axis labels"
"0","  labs(x = ""Vitamin C Dose (mg)"", y = ""Tooth Length"") +"
"0","  "
"0","  # Custom fill colors for the two groups"
"0","  scale_fill_manual(values = custom_colors, labels = c(""Ascorbic Acid"", ""Orange Juice"")) +"
"0","  "
"0","  # Add a theme with a serif font"
"0","  theme_minimal(base_family = ""serif"") +"
"0","  "
"0","  # Adjust the legend"
"0","  theme(legend.title = element_blank(),"
"0","        legend.position = ""top"")"
"0",""
